Run,AvgReward,SuccessRate,ElimRate
0,-30.017619047619046,12.0,0.0
1,-25.55666666666667,18.0,0.0
2,-90.33285714285714,1.0,0.0
3,136.4390476190476,100.0,0.0
4,-67.77428571428571,0.5,0.0
5,-93.81809523809524,0.5,0.0
6,-67.35238095238095,1.5,0.0
7,61.25666666666666,64.0,0.0
8,127.73428571428572,96.5,0.0
9,-27.068095238095236,11.0,0.0
10,-31.277619047619048,9.0,0.0
11,-55.81809523809524,2.5,0.0
12,-63.824285714285715,0.5,0.0
13,-19.242380952380955,22.5,0.0
14,-56.72428571428571,3.0,0.0
15,-55.68904761904762,1.0,0.0
16,-74.29095238095239,0.0,0.0
17,-0.23523809523809555,34.0,0.0
18,-51.983333333333334,6.5,0.0
19,-99.3704761904762,0.0,0.0
20,15.43904761904762,43.5,0.0
21,-32.55285714285714,8.0,0.0
22,-30.020952380952384,15.0,0.0
23,-27.60047619047619,9.5,0.0
24,-58.04,3.0,0.0
25,3.0890476190476193,41.0,0.0
26,-47.0152380952381,2.0,0.0
27,-26.80809523809524,11.0,0.0
28,-79.53999999999999,0.0,0.0
29,-68.34619047619047,2.0,0.0
30,13.189047619047617,41.5,0.0
31,22.530952380952378,48.5,0.0
32,-39.728095238095236,10.5,0.0
33,135.3842857142857,100.0,0.0
34,-43.89857142857143,2.5,0.0
35,-82.65523809523809,2.5,0.0
36,16.413809523809523,39.5,0.0
37,-16.856666666666666,20.5,0.0
38,26.791428571428572,56.0,0.0
39,16.806666666666665,40.0,0.0
40,-60.01095238095238,1.0,0.0
41,-69.96952380952382,1.5,0.0
42,-27.888095238095236,21.0,0.0
43,113.80190476190477,89.5,0.0
44,-12.396666666666667,24.5,0.0
45,37.81142857142857,49.5,0.0
46,72.00190476190475,71.5,0.0
47,92.80619047619048,75.5,0.0
48,-21.035238095238096,21.5,0.0
49,63.93095238095238,65.0,0.0
50,50.808571428571426,53.5,0.0
51,-53.1152380952381,2.0,0.0
52,-56.44333333333333,2.0,0.0
53,15.039047619047619,41.5,0.0
54,-96.02428571428571,0.5,0.0
55,-73.70190476190476,0.0,0.0
56,21.714285714285715,46.0,0.0
57,-64.0104761904762,3.0,0.0
58,-80.07095238095238,0.0,0.0
59,5.962380952380952,36.0,0.0
60,-73.90380952380953,0.0,0.0
61,-52.42238095238095,0.5,0.0
62,-61.35285714285715,2.5,0.0
63,-20.260952380952382,17.0,0.0
64,-20.37047619047619,15.5,0.0
65,14.937619047619048,46.5,0.0
66,-59.59619047619047,16.5,0.0
67,-39.205714285714286,4.5,0.0
68,23.475238095238097,49.5,0.0
69,-42.26761904761905,6.0,0.0
70,-41.19571428571429,1.5,0.0
71,81.09904761904761,73.0,0.0
72,-72.12238095238095,1.0,0.0
73,-72.5552380952381,0.5,0.0
74,-66.30190476190475,2.0,0.0
75,-3.9142857142857146,35.0,0.0
76,-67.52285714285715,0.5,0.0
77,-54.270476190476195,4.5,0.0
78,-69.25571428571428,1.0,0.0
79,137.65,100.0,0.0
80,2.1376190476190478,28.5,0.0
81,74.32380952380952,68.0,0.0
82,-96.97142857142856,0.0,0.0
83,-59.598571428571425,2.5,0.0
84,16.105238095238093,46.0,0.0
85,-69.07714285714285,1.5,0.0
86,-36.688095238095244,11.5,0.0
87,-4.465714285714286,31.5,0.0
88,45.50714285714285,80.0,0.0
89,11.07047619047619,43.0,0.0
90,71.07761904761905,76.0,0.0
91,-53.23190476190476,5.0,0.0
92,-72.39809523809524,0.5,0.0
93,-92.78476190476191,0.5,0.0
94,-82.77238095238096,1.0,0.0
95,-8.107142857142858,28.0,0.0
96,43.71809523809524,53.5,0.0
97,-96.96523809523809,1.0,0.0
98,-92.25952380952381,0.5,0.0
99,-21.626666666666665,18.0,0.0
100,-52.85333333333334,3.5,0.0
101,-72.34619047619047,1.5,0.0
102,-23.32952380952381,18.5,0.0
103,-39.84619047619047,6.0,0.0
104,76.58666666666666,74.0,0.0
105,-16.42809523809524,28.5,0.0
106,-66.91380952380953,2.0,0.0
107,-66.99285714285713,2.0,0.0
108,17.72904761904762,46.0,0.0
109,-40.31238095238095,3.0,0.0
110,-28.385238095238098,8.0,0.0
111,-93.0904761904762,0.5,0.0
112,12.42904761904762,36.5,0.0
113,2.0395238095238093,37.5,0.0
114,-58.847142857142856,0.5,0.0
115,43.82333333333333,71.5,0.0
116,23.535714285714285,46.0,0.0
117,27.58761904761905,51.0,0.0
118,30.99095238095238,60.5,0.0
119,15.27857142857143,43.0,0.0
120,48.05428571428571,56.5,0.0
121,-30.42666666666667,7.0,0.0
122,123.40714285714287,98.0,0.0
123,10.057142857142857,40.0,0.0
124,-16.147142857142857,28.5,0.0
125,-52.93666666666667,2.5,0.0
126,-39.06428571428572,4.5,0.0
127,22.965714285714284,46.0,0.0
128,13.025714285714287,37.5,0.0
129,-21.573333333333334,21.0,0.0
130,136.72238095238095,100.0,0.0
131,-51.14809523809523,3.5,0.0
132,2.401904761904762,30.5,0.0
133,-62.73476190476191,0.5,0.0
134,23.614761904761902,49.5,0.0
135,-28.831904761904763,17.5,0.0
136,-63.24809523809524,0.5,0.0
137,-67.33857142857143,1.0,0.0
138,-57.156190476190474,1.5,0.0
139,18.99190476190476,45.5,0.0
140,22.363333333333333,46.0,0.0
141,-40.80285714285714,11.5,0.0
142,-72.67190476190477,0.5,0.0
143,-65.17095238095239,1.0,0.0
144,-94.05809523809523,1.5,0.0
145,-24.566666666666666,12.0,0.0
146,-61.917142857142856,1.0,0.0
147,136.16476190476192,100.0,0.0
148,133.03142857142856,100.0,0.0
149,15.994285714285715,45.0,0.0
150,-72.09333333333333,1.0,0.0
151,-64.28999999999999,0.5,0.0
152,-98.76285714285714,0.5,0.0
153,8.106190476190477,38.0,0.0
154,134.85333333333332,100.0,0.0
155,10.20952380952381,44.0,0.0
156,-60.84619047619047,0.5,0.0
157,-62.80380952380952,1.0,0.0
158,30.539047619047622,52.5,0.0
159,-67.95333333333333,0.5,0.0
160,-56.75333333333333,3.5,0.0
161,137.16619047619048,100.0,0.0
162,-22.41904761904762,11.5,0.0
163,-72.93761904761905,0.5,0.0
164,-49.08380952380952,8.5,0.0
165,-57.586666666666666,0.0,0.0
166,-29.290952380952383,9.0,0.0
167,-28.759523809523813,8.5,0.0
168,8.563333333333334,41.0,0.0
169,-34.87571428571429,7.0,0.0
170,23.116190476190475,43.5,0.0
171,-50.018571428571434,5.5,0.0
172,-36.388571428571424,1.5,0.0
173,-102.38285714285715,0.5,0.0
174,-29.597619047619045,9.0,0.0
175,-28.586666666666662,6.5,0.0
176,-47.64,2.5,0.0
177,-3.296666666666667,28.5,0.0
178,-9.317619047619047,28.5,0.0
179,-30.76142857142857,13.5,0.0
180,-71.6347619047619,0.0,0.0
181,-11.980952380952381,33.0,0.0
182,-47.53619047619048,2.5,0.0
183,46.2252380952381,54.0,0.0
184,15.019523809523811,44.0,0.0
185,-78.27857142857142,2.0,0.0
186,35.62285714285714,67.0,0.0
187,-34.27333333333333,5.5,0.0
188,6.957619047619047,38.0,0.0
189,-94.74047619047619,0.5,0.0
190,9.657619047619047,41.5,0.0
191,-75.37714285714286,0.0,0.0
192,-47.53095238095238,8.5,0.0
193,-21.514761904761905,13.0,0.0
194,8.521904761904763,43.5,0.0
195,-50.88904761904762,3.0,0.0
196,-60.71523809523809,0.5,0.0
197,-23.062380952380952,15.0,0.0
198,-0.7109523809523808,33.5,0.0
199,-54.57,2.0,0.0
200,-9.774285714285714,32.5,0.0
201,137.89666666666668,100.0,0.0
202,-77.67095238095237,0.0,0.0
203,-38.34761904761905,4.0,0.0
204,71.00523809523808,76.0,0.0
205,-22.38952380952381,18.0,0.0
206,-61.10666666666667,0.5,0.0
207,-53.8447619047619,1.0,0.0
208,-59.18952380952381,0.5,0.0
209,15.796190476190478,42.5,0.0
210,-52.36142857142857,3.0,0.0
211,-60.90380952380953,0.5,0.0
212,138.17,100.0,0.0
213,-78.16714285714286,0.0,0.0
214,-76.9,0.0,0.0
215,-54.69952380952381,4.0,0.0
216,-71.57238095238095,0.5,0.0
217,-62.17666666666667,1.0,0.0
218,-76.93809523809524,1.5,0.0
219,136.43619047619046,100.0,0.0
220,-98.24238095238096,0.5,0.0
221,140.4142857142857,100.0,0.0
222,-73.65809523809523,0.0,0.0
223,-71.54238095238095,0.0,0.0
224,-91.94809523809525,1.0,0.0
225,-71.65190476190476,2.0,0.0
226,-73.78142857142858,0.0,0.0
227,-25.05857142857143,19.5,0.0
228,-32.47904761904762,8.5,0.0
229,-51.923333333333325,5.0,0.0
230,18.73952380952381,47.0,0.0
231,-4.029047619047619,33.5,0.0
232,-15.738095238095237,24.0,0.0
233,-76.2357142857143,0.0,0.0
234,137.85857142857145,100.0,0.0
235,-48.77142857142857,7.5,0.0
236,-35.11333333333333,7.5,0.0
237,-74.57523809523809,0.0,0.0
238,13.836666666666666,48.5,0.0
239,-70.75238095238095,1.5,0.0
240,132.05857142857144,97.5,0.0
241,-99.85666666666665,0.0,0.0
242,-65.45952380952382,0.5,0.0
243,-69.40761904761905,0.5,0.0
244,-59.473333333333336,2.5,0.0
245,-28.459999999999997,15.0,0.0
246,-97.17666666666666,0.0,0.0
247,-75.93333333333332,0.5,0.0
248,-74.6652380952381,2.5,0.0
249,-30.836190476190474,9.0,0.0
250,-68.47380952380952,2.5,0.0
251,-83.26571428571428,0.0,0.0
252,-48.63142857142857,0.5,0.0
253,38.175714285714285,77.0,0.0
254,3.0971428571428574,37.5,0.0
255,-91.38047619047619,0.5,0.0
256,-95.88857142857144,0.5,0.0
257,-57.22666666666667,0.5,0.0
258,134.38,98.5,0.0
259,138.81190476190477,100.0,0.0
260,-28.963333333333335,9.0,0.0
261,-32.38333333333333,7.0,0.0
262,22.643333333333334,41.0,0.0
263,-50.830000000000005,5.5,0.0
264,15.644761904761905,49.0,0.0
265,-55.709523809523816,4.5,0.0
266,14.542857142857141,45.5,0.0
267,136.56857142857143,100.0,0.0
268,-72.76333333333334,0.5,0.0
269,1.5819047619047621,41.0,0.0
270,-97.0247619047619,0.0,0.0
271,17.838095238095235,46.0,0.0
272,-29.45809523809524,15.0,0.0
273,-65.63666666666666,2.0,0.0
274,-70.58809523809524,0.5,0.0
275,-95.04476190476191,0.0,0.0
276,-57.37857142857143,2.0,0.0
277,17.316666666666666,47.5,0.0
278,-72.57095238095238,0.0,0.0
279,-59.29571428571429,1.5,0.0
280,-57.11095238095238,3.5,0.0
281,-62.94095238095238,2.0,0.0
282,-41.849047619047624,3.0,0.0
283,21.964285714285715,45.0,0.0
284,-57.79857142857143,2.0,0.0
285,-28.27809523809524,9.0,0.0
286,-69.90761904761905,0.5,0.0
287,-88.67809523809524,1.0,0.0
288,4.149047619047619,27.5,0.0
289,22.912380952380953,45.0,0.0
290,-29.198095238095238,10.0,0.0
291,-68.55809523809523,0.5,0.0
292,-24.024761904761903,16.0,0.0
293,-60.91095238095239,1.5,0.0
294,16.284285714285712,41.0,0.0
295,20.298571428571428,46.5,0.0
296,138.41380952380953,100.0,0.0
297,-23.133333333333333,15.0,0.0
298,-50.42714285714286,1.0,0.0
299,-4.014285714285714,27.5,0.0
300,-55.438095238095244,4.0,0.0
301,-1.2885714285714287,31.0,0.0
302,-63.330000000000005,1.0,0.0
303,-30.303809523809523,6.5,0.0
304,-60.54380952380953,1.0,0.0
305,-70.37666666666667,1.0,0.0
306,-90.60809523809523,1.0,0.0
307,-64.94857142857143,1.0,0.0
308,-65.7895238095238,0.0,0.0
309,25.227619047619047,47.5,0.0
310,-39.10809523809524,5.0,0.0
311,18.28857142857143,41.0,0.0
312,-18.987142857142857,15.5,0.0
313,-63.32142857142857,2.0,0.0
314,130.5961904761905,98.0,0.0
315,-66.69714285714285,0.0,0.0
316,10.177142857142858,39.0,0.0
317,21.406666666666666,46.0,0.0
318,139.84666666666666,100.0,0.0
319,17.853809523809524,45.0,0.0
320,-9.215714285714286,25.5,0.0
321,21.63047619047619,61.0,0.0
322,-95.00190476190475,0.0,0.0
323,134.25809523809525,100.0,0.0
324,58.17714285714286,63.5,0.0
325,138.09809523809523,100.0,0.0
326,20.802857142857142,47.0,0.0
327,-7.248571428571428,29.5,0.0
328,-72.41333333333334,0.5,0.0
329,-71.25285714285714,0.0,0.0
330,-50.013333333333335,1.0,0.0
331,-57.561904761904756,0.5,0.0
332,-65.79190476190476,1.0,0.0
333,-46.63952380952381,4.5,0.0
334,-65.87,1.0,0.0
335,-15.386190476190476,25.0,0.0
336,29.563333333333336,55.5,0.0
337,-65.43857142857144,0.5,0.0
338,-58.389523809523816,1.5,0.0
339,-73.44619047619047,1.5,0.0
340,10.156190476190476,35.5,0.0
341,-42.51238095238095,2.5,0.0
342,139.20809523809524,100.0,0.0
343,-10.774285714285714,21.5,0.0
344,115.6495238095238,91.5,0.0
345,-22.415238095238095,14.5,0.0
346,-17.47142857142857,20.0,0.0
347,-65.18857142857144,0.5,0.0
348,-20.654285714285713,15.5,0.0
349,-73.69190476190477,0.0,0.0
350,-28.41238095238095,8.5,0.0
351,-47.94190476190476,2.0,0.0
352,-64.45571428571428,0.0,0.0
353,4.682380952380953,32.5,0.0
354,75.55428571428573,68.5,0.0
355,-91.3742857142857,1.0,0.0
356,-10.36095238095238,25.5,0.0
357,134.61666666666665,100.0,0.0
358,-79.83666666666666,0.0,0.0
359,16.459523809523812,42.0,0.0
360,-73.72238095238096,0.0,0.0
361,-36.97666666666667,6.5,0.0
362,136.57619047619048,100.0,0.0
363,-67.17238095238095,0.5,0.0
364,-71.14380952380952,0.5,0.0
365,-76.23904761904762,0.5,0.0
366,-26.41238095238095,14.5,0.0
367,-45.23095238095238,13.0,0.0
368,-16.046666666666667,26.5,0.0
369,141.37238095238095,100.0,0.0
370,-39.913333333333334,4.5,0.0
371,128.77238095238096,96.0,0.0
372,-60.450476190476195,1.0,0.0
373,-98.76761904761904,1.0,0.0
374,-97.6304761904762,0.0,0.0
375,-79.38809523809525,3.0,0.0
376,19.35,48.5,0.0
377,14.86047619047619,43.5,0.0
378,-30.135714285714286,12.5,0.0
379,-28.936666666666664,17.5,0.0
380,-28.977142857142855,11.5,0.0
381,-42.4752380952381,5.0,0.0
382,-62.53857142857142,1.5,0.0
383,-25.228571428571428,17.0,0.0
384,-68.64,0.0,0.0
385,-63.276666666666664,0.0,0.0
386,-48.355714285714285,3.5,0.0
387,-63.56095238095238,0.0,0.0
388,15.40952380952381,39.0,0.0
389,34.46857142857143,49.5,0.0
390,-88.95857142857142,0.0,0.0
391,12.876666666666669,38.5,0.0
392,-62.710952380952385,0.5,0.0
393,-17.211904761904762,23.0,0.0
394,-66.19333333333333,3.0,0.0
395,-70.19761904761906,0.0,0.0
396,127.32857142857144,94.5,0.0
397,-19.762857142857143,26.5,0.0
398,-29.371904761904766,19.0,0.0
399,-51.44809523809524,3.0,0.0
400,6.178571428571429,32.0,0.0
401,-15.615714285714287,25.5,0.0
402,-71.30571428571429,1.0,0.0
403,-39.65714285714286,7.0,0.0
404,31.346190476190475,62.0,0.0
405,-38.55047619047619,7.0,0.0
406,-92.4395238095238,1.0,0.0
407,-20.03333333333333,18.0,0.0
408,-72.3247619047619,1.0,0.0
409,-71.34,1.0,0.0
410,46.60952380952381,61.0,0.0
411,-33.57666666666667,6.0,0.0
412,-70.55619047619048,2.5,0.0
413,6.692380952380952,38.5,0.0
414,-71.19952380952381,0.5,0.0
415,-55.17952380952381,1.0,0.0
416,-12.944761904761906,24.5,0.0
417,49.12619047619048,58.5,0.0
418,132.9495238095238,100.0,0.0
419,7.702857142857144,37.5,0.0
420,139.82666666666668,100.0,0.0
421,-58.40904761904761,0.5,0.0
422,-61.16952380952381,3.0,0.0
423,-20.662380952380953,20.0,0.0
424,-56.37571428571428,0.0,0.0
425,-79.69428571428571,2.5,0.0
426,-75.04904761904761,0.5,0.0
427,28.12190476190476,52.0,0.0
428,-71.07809523809524,1.5,0.0
429,-65.33904761904762,2.0,0.0
430,135.66809523809522,100.0,0.0
431,68.31952380952382,84.0,0.0
432,-90.84333333333333,1.5,0.0
433,13.522857142857143,40.5,0.0
434,-57.63857142857143,1.0,0.0
435,-4.624761904761904,31.0,0.0
436,-62.604285714285716,1.0,0.0
437,16.423333333333332,43.5,0.0
438,-37.97,11.5,0.0
439,-96.28380952380952,1.0,0.0
440,14.001904761904763,43.5,0.0
441,1.7433333333333334,30.5,0.0
442,-38.47285714285714,8.0,0.0
443,9.489047619047618,37.5,0.0
444,-37.68666666666667,6.0,0.0
445,-69.08952380952381,0.5,0.0
446,2.3314285714285714,32.0,0.0
447,13.949047619047619,43.0,0.0
448,-45.18571428571428,5.0,0.0
449,138.44714285714286,100.0,0.0
450,-64.35,0.5,0.0
451,-27.762857142857143,11.0,0.0
452,-14.237619047619049,30.5,0.0
453,-26.083333333333332,14.5,0.0
454,-41.61,6.5,0.0
455,-51.766190476190474,4.0,0.0
456,-73.71571428571428,0.0,0.0
457,12.362857142857143,41.0,0.0
458,-50.13333333333333,1.5,0.0
459,-71.78904761904762,0.5,0.0
460,-22.798571428571428,14.5,0.0
461,-72.88809523809525,0.0,0.0
462,-63.57380952380952,1.0,0.0
463,-58.86714285714286,0.0,0.0
464,-22.56952380952381,24.5,0.0
465,-73.91857142857143,0.5,0.0
466,-60.37095238095238,1.0,0.0
467,-50.890952380952385,2.0,0.0
468,3.84952380952381,32.5,0.0
469,-26.711904761904766,16.5,0.0
470,-30.385714285714286,7.0,0.0
471,-97.53333333333333,0.0,0.0
472,-99.7057142857143,0.0,0.0
473,29.05047619047619,53.0,0.0
474,0.12190476190476197,35.5,0.0
475,-57.830000000000005,1.5,0.0
476,-63.357619047619046,0.0,0.0
477,-82.13095238095238,0.0,0.0
478,136.9504761904762,100.0,0.0
479,-43.72428571428571,8.5,0.0
480,-18.365714285714287,19.5,0.0
481,-27.57428571428572,16.5,0.0
482,-62.653333333333336,0.0,0.0
483,-95.62619047619049,0.0,0.0
484,-58.06428571428571,0.5,0.0
485,-97.16095238095238,0.0,0.0
486,-29.063809523809525,14.0,0.0
487,40.20142857142857,51.5,0.0
488,-99.40333333333332,0.0,0.0
489,-58.43904761904762,2.0,0.0
490,-17.59857142857143,20.0,0.0
491,3.4309523809523816,30.5,0.0
492,-58.88047619047619,1.0,0.0
493,-96.9342857142857,1.0,0.0
494,-62.642857142857146,0.5,0.0
495,-26.023333333333333,20.5,0.0
496,-8.395714285714286,28.5,0.0
497,-49.24904761904762,7.5,0.0
498,-4.179523809523809,27.5,0.0
499,-38.20095238095238,6.0,0.0
500,-58.419999999999995,0.0,0.0
501,26.65833333333333,50.0,0.0
502,-81.53,0.0,0.0
503,-60.06,2.0,0.0
504,3.413333333333334,36.0,0.0
505,-72.53166666666667,2.0,0.0
506,-53.21333333333334,6.0,0.0
507,-48.28666666666666,0.0,0.0
508,-21.82166666666667,22.0,0.0
509,33.08833333333333,46.0,0.0
510,-70.93833333333333,2.0,0.0
511,-70.69,0.0,0.0
512,-88.65166666666666,0.0,0.0
513,-56.845,2.0,0.0
514,26.231666666666666,52.0,0.0
515,71.14833333333333,78.0,0.0
516,-44.49166666666667,2.0,0.0
517,-15.788333333333332,20.0,0.0
518,-38.88166666666667,12.0,0.0
519,-74.67,0.0,0.0
520,-74.89833333333333,0.0,0.0
521,-97.86833333333334,0.0,0.0
522,-93.31166666666667,2.0,0.0
523,-27.850000000000005,12.0,0.0
524,-24.94666666666667,18.0,0.0
525,-70.62333333333333,0.0,0.0
526,-26.881666666666664,24.0,0.0
527,-49.42166666666666,4.0,0.0
528,-36.175000000000004,6.0,0.0
529,-98.745,0.0,0.0
530,-6.278333333333333,36.0,0.0
531,-11.090000000000002,38.0,0.0
532,-47.36166666666667,2.0,0.0
533,-72.04333333333334,0.0,0.0
534,-57.824999999999996,0.0,0.0
535,-68.27666666666667,0.0,0.0
536,-48.48,6.0,0.0
537,-22.486666666666665,16.0,0.0
538,91.35833333333333,78.0,0.0
539,124.25666666666666,94.0,0.0
540,94.12833333333333,78.0,0.0
541,14.416666666666664,40.0,0.0
542,69.425,80.0,0.0
543,-58.06166666666667,0.0,0.0
544,139.50666666666666,100.0,0.0
545,-52.098333333333336,0.0,0.0
546,9.678333333333333,42.0,0.0
547,2.4899999999999998,28.0,0.0
548,-7.288333333333334,28.0,0.0
549,-60.550000000000004,2.0,0.0
550,-66.89833333333333,0.0,0.0
551,-69.41166666666668,2.0,0.0
552,-76.79166666666667,0.0,0.0
553,-94.86833333333334,0.0,0.0
554,-5.580000000000001,32.0,0.0
555,-36.336666666666666,4.0,0.0
556,-17.651666666666667,24.0,0.0
557,40.12833333333334,64.0,0.0
558,-77.56166666666667,0.0,0.0
559,2.736666666666667,48.0,0.0
560,13.798333333333332,46.0,0.0
561,-59.72,0.0,0.0
562,-64.43833333333333,0.0,0.0
563,-102.495,0.0,0.0
564,-63.826666666666675,0.0,0.0
565,-26.11,18.0,0.0
566,-57.39833333333333,0.0,0.0
567,9.75,38.0,0.0
568,135.13166666666666,100.0,0.0
569,-7.948333333333333,30.0,0.0
570,3.8016666666666663,26.0,0.0
571,-102.10333333333334,0.0,0.0
572,90.98833333333334,94.0,0.0
573,-5.406666666666666,36.0,0.0
574,-21.650000000000002,10.0,0.0
575,-70.47,0.0,0.0
576,-33.083333333333336,8.0,0.0
577,-59.935,6.0,0.0
578,-31.598333333333333,6.0,0.0
579,-73.94333333333333,4.0,0.0
580,137.55666666666667,100.0,0.0
581,-23.938333333333333,14.0,0.0
582,-43.55166666666667,0.0,0.0
583,-103.83166666666666,0.0,0.0
584,19.275,44.0,0.0
585,6.3999999999999995,38.0,0.0
586,-70.445,2.0,0.0
587,73.86,72.0,0.0
588,14.051666666666668,38.0,0.0
589,-12.643333333333333,26.0,0.0
590,-12.878333333333336,18.0,0.0
591,-80.37166666666667,0.0,0.0
592,-5.419999999999999,28.0,0.0
593,139.70833333333334,100.0,0.0
594,-24.981666666666666,14.0,0.0
595,-103.13666666666666,0.0,0.0
596,30.483333333333334,54.0,0.0
597,-45.43,4.0,0.0
598,-73.57166666666667,0.0,0.0
599,33.02833333333333,42.0,0.0
600,138.22333333333333,100.0,0.0
601,-43.27166666666667,10.0,0.0
602,-73.66333333333334,0.0,0.0
603,-71.18666666666667,2.0,0.0
604,78.58,76.0,0.0
605,-91.08999999999999,0.0,0.0
606,10.461666666666668,34.0,0.0
607,-61.89166666666667,8.0,0.0
608,-37.16,6.0,0.0
609,-32.221666666666664,14.0,0.0
610,-41.66833333333333,6.0,0.0
611,114.26833333333333,96.0,0.0
612,-48.865,2.0,0.0
613,140.34333333333333,100.0,0.0
614,13.915,44.0,0.0
615,-73.06333333333333,0.0,0.0
616,-2.885,24.0,0.0
617,6.94,30.0,0.0
618,-77.62333333333333,2.0,0.0
619,-56.91833333333333,0.0,0.0
620,17.69333333333333,54.0,0.0
621,-84.23833333333333,0.0,0.0
622,-51.461666666666666,4.0,0.0
623,-73.74333333333333,2.0,0.0
624,-11.738333333333332,26.0,0.0
625,-40.41166666666666,2.0,0.0
626,97.25166666666667,78.0,0.0
627,101.75999999999999,78.0,0.0
628,-11.776666666666666,26.0,0.0
629,-9.935,24.0,0.0
630,-37.39666666666667,6.0,0.0
631,-59.005,2.0,0.0
632,-65.75166666666667,4.0,0.0
633,-84.41166666666666,0.0,0.0
634,-46.05666666666667,6.0,0.0
635,5.478333333333334,44.0,0.0
636,22.815,46.0,0.0
637,-69.64833333333333,0.0,0.0
638,-71.91833333333334,0.0,0.0
639,6.538333333333333,32.0,0.0
640,50.71,64.0,0.0
641,-45.15,6.0,0.0
642,-75.17666666666666,0.0,0.0
643,-95.79166666666667,0.0,0.0
644,-51.949999999999996,6.0,0.0
645,-55.538333333333334,2.0,0.0
646,-45.10333333333333,2.0,0.0
647,-28.971666666666664,10.0,0.0
648,-68.36166666666666,2.0,0.0
649,-66.24666666666667,0.0,0.0
650,-23.28333333333333,24.0,0.0
651,-35.03,10.0,0.0
652,-18.183333333333334,26.0,0.0
653,-11.375,32.0,0.0
654,-58.11666666666667,2.0,0.0
655,-41.91833333333333,4.0,0.0
656,42.44166666666666,50.0,0.0
657,-41.184999999999995,2.0,0.0
658,-61.52,2.0,0.0
659,141.77666666666667,100.0,0.0
660,-62.794999999999995,0.0,0.0
661,-71.91166666666666,0.0,0.0
662,-60.34,0.0,0.0
663,-71.45666666666666,0.0,0.0
664,138.58333333333334,100.0,0.0
665,5.633333333333333,40.0,0.0
666,-26.83,12.0,0.0
667,120.45,96.0,0.0
668,-50.18333333333334,2.0,0.0
669,13.186666666666667,40.0,0.0
670,-100.48833333333333,0.0,0.0
671,-67.20666666666666,0.0,0.0
672,-67.33,2.0,0.0
673,27.361666666666668,48.0,0.0
674,-37.26333333333333,14.0,0.0
675,-77.01,0.0,0.0
676,22.651666666666667,40.0,0.0
677,-31.095,10.0,0.0
678,-33.056666666666665,2.0,0.0
679,-54.91,2.0,0.0
680,-69.00166666666667,2.0,0.0
681,-42.281666666666666,0.0,0.0
682,-80.75500000000001,0.0,0.0
683,-64.28166666666667,0.0,0.0
684,10.516666666666667,38.0,0.0
685,-30.863333333333333,20.0,0.0
686,-31.33,4.0,0.0
687,84.11833333333334,72.0,0.0
688,-63.413333333333334,0.0,0.0
689,-53.11833333333333,0.0,0.0
690,-71.99,0.0,0.0
691,-37.50666666666667,8.0,0.0
692,-75.09,2.0,0.0
693,-39.498333333333335,4.0,0.0
694,-51.335,6.0,0.0
695,-28.791666666666668,8.0,0.0
696,-73.885,0.0,0.0
697,-5.2283333333333335,30.0,0.0
698,-75.29,0.0,0.0
699,-19.163333333333334,18.0,0.0
700,131.6,98.0,0.0
701,-65.42333333333333,2.0,0.0
702,-62.660000000000004,2.0,0.0
703,-31.638333333333335,4.0,0.0
704,-53.91,4.0,0.0
705,-56.66166666666666,2.0,0.0
706,6.658333333333334,36.0,0.0
707,-79.88166666666666,0.0,0.0
708,-43.580000000000005,4.0,0.0
709,-63.291666666666664,2.0,0.0
710,-72.49,0.0,0.0
711,-79.69500000000001,0.0,0.0
712,-53.20333333333334,4.0,0.0
713,-30.61666666666667,14.0,0.0
714,-9.755,18.0,0.0
715,-2.7350000000000008,42.0,0.0
716,-75.33666666666666,0.0,0.0
717,-53.51499999999999,2.0,0.0
718,-60.623333333333335,2.0,0.0
719,-71.56333333333333,0.0,0.0
720,-58.28333333333333,0.0,0.0
721,48.343333333333334,62.0,0.0
722,-90.48666666666666,0.0,0.0
723,137.02,100.0,0.0
724,-28.63,12.0,0.0
725,1.8499999999999999,28.0,0.0
726,-21.813333333333333,14.0,0.0
727,-67.94166666666666,4.0,0.0
728,-42.18666666666667,2.0,0.0
729,-31.526666666666667,8.0,0.0
730,-21.651666666666667,14.0,0.0
731,-88.50999999999999,0.0,0.0
732,-72.91833333333334,0.0,0.0
733,-41.25,2.0,0.0
734,-67.34,0.0,0.0
735,-9.24,24.0,0.0
736,-24.621666666666666,12.0,0.0
737,-84.00666666666666,0.0,0.0
738,6.071666666666666,46.0,0.0
739,-99.01833333333333,0.0,0.0
740,-35.45166666666667,12.0,0.0
741,-70.23833333333333,0.0,0.0
742,23.926666666666666,50.0,0.0
743,-19.488333333333333,14.0,0.0
744,-75.23666666666666,0.0,0.0
745,-13.023333333333333,18.0,0.0
746,-67.19166666666666,2.0,0.0
747,-40.71666666666666,14.0,0.0
748,-66.96833333333333,0.0,0.0
749,44.318333333333335,56.0,0.0
750,-27.218333333333334,14.0,0.0
751,-41.56333333333333,6.0,0.0
752,-65.735,0.0,0.0
753,-57.47833333333333,2.0,0.0
754,26.853333333333335,58.0,0.0
755,20.471666666666668,44.0,0.0
756,69.39166666666667,66.0,0.0
757,-57.36833333333333,0.0,0.0
758,-47.03,2.0,0.0
759,138.29999999999998,100.0,0.0
760,55.97,64.0,0.0
761,-68.98833333333333,0.0,0.0
762,29.058333333333334,60.0,0.0
763,13.103333333333333,38.0,0.0
764,-17.588333333333335,18.0,0.0
765,45.82666666666666,84.0,0.0
766,-31.18166666666667,16.0,0.0
767,8.431666666666667,32.0,0.0
768,138.34333333333333,100.0,0.0
769,-78.87,0.0,0.0
770,-12.965000000000002,18.0,0.0
771,-81.55499999999999,0.0,0.0
772,-40.66833333333333,8.0,0.0
773,-66.85666666666667,0.0,0.0
774,-31.001666666666665,6.0,0.0
775,-12.835,26.0,0.0
776,-96.62,0.0,0.0
777,-63.625,2.0,0.0
778,-62.24666666666667,2.0,0.0
779,-91.96333333333332,0.0,0.0
780,-24.833333333333332,8.0,0.0
781,-76.54666666666667,0.0,0.0
782,-63.026666666666664,0.0,0.0
783,17.959999999999997,44.0,0.0
784,-59.73666666666667,0.0,0.0
785,12.426666666666668,40.0,0.0
786,-59.78333333333333,2.0,0.0
787,87.83999999999999,76.0,0.0
788,-59.44166666666666,4.0,0.0
789,-55.49166666666667,2.0,0.0
790,-64.98,2.0,0.0
791,-34.32666666666667,10.0,0.0
792,-44.916666666666664,4.0,0.0
793,-35.32833333333333,8.0,0.0
794,-66.19,0.0,0.0
795,-44.291666666666664,16.0,0.0
796,140.49,100.0,0.0
797,-61.748333333333335,0.0,0.0
798,23.038333333333338,46.0,0.0
799,-9.323333333333332,32.0,0.0
800,22.385,46.0,0.0
801,-74.2,0.0,0.0
802,-74.305,0.0,0.0
803,-59.916666666666664,0.0,0.0
804,-60.13666666666666,4.0,0.0
805,8.4,36.0,0.0
806,-77.52333333333333,0.0,0.0
807,-72.32000000000001,0.0,0.0
808,-66.575,0.0,0.0
809,-50.275,2.0,0.0
810,-70.39833333333333,0.0,0.0
811,-61.99166666666667,0.0,0.0
812,-53.85166666666667,4.0,0.0
813,-56.91166666666666,0.0,0.0
814,109.27833333333332,84.0,0.0
815,13.12,36.0,0.0
816,-54.00833333333333,8.0,0.0
817,-83.76166666666667,0.0,0.0
818,19.525000000000002,50.0,0.0
819,-73.18166666666666,0.0,0.0
820,37.31333333333333,56.0,0.0
821,-54.25666666666666,2.0,0.0
822,-2.2049999999999996,30.0,0.0
823,-32.32333333333333,6.0,0.0
824,-59.48166666666666,0.0,0.0
825,-23.49,12.0,0.0
826,-6.1000000000000005,40.0,0.0
827,-24.451666666666668,12.0,0.0
828,-42.24,4.0,0.0
829,-32.6,6.0,0.0
830,-87.19500000000001,0.0,0.0
831,-44.27166666666667,0.0,0.0
832,15.818333333333335,42.0,0.0
833,22.84166666666667,50.0,0.0
834,-69.95,0.0,0.0
835,-81.44833333333334,0.0,0.0
836,35.376666666666665,58.0,0.0
837,-26.92833333333333,14.0,0.0
838,-92.61,2.0,0.0
839,6.338333333333334,34.0,0.0
840,-75.74499999999999,0.0,0.0
841,0.87,36.0,0.0
842,-23.196666666666662,14.0,0.0
843,-51.89666666666667,4.0,0.0
844,-55.41833333333333,8.0,0.0
845,-33.17333333333334,8.0,0.0
846,-100.23333333333333,0.0,0.0
847,-24.688333333333333,22.0,0.0
848,-42.93166666666667,10.0,0.0
849,-60.65166666666667,2.0,0.0
850,-27.515,14.0,0.0
851,-52.15,2.0,0.0
852,-27.006666666666664,12.0,0.0
853,27.656666666666666,44.0,0.0
854,-56.35,2.0,0.0
855,-62.51833333333334,2.0,0.0
856,-34.583333333333336,18.0,0.0
857,-51.995000000000005,4.0,0.0
858,-63.31666666666667,0.0,0.0
859,46.00666666666667,56.0,0.0
860,11.258333333333333,32.0,0.0
861,-67.17666666666666,2.0,0.0
862,-55.57333333333333,0.0,0.0
863,-36.11,12.0,0.0
864,-61.32333333333333,0.0,0.0
865,134.605,100.0,0.0
866,-60.916666666666664,0.0,0.0
867,-61.88833333333333,0.0,0.0
868,23.153333333333332,48.0,0.0
869,-57.048333333333325,0.0,0.0
870,61.5,64.0,0.0
871,-72.37166666666667,0.0,0.0
872,-53.818333333333335,4.0,0.0
873,-29.611666666666668,10.0,0.0
874,5.888333333333333,36.0,0.0
875,-81.66,0.0,0.0
876,-77.94500000000001,0.0,0.0
877,-10.728333333333333,26.0,0.0
878,98.85333333333334,80.0,0.0
879,25.75666666666667,48.0,0.0
880,4.508333333333333,32.0,0.0
881,-61.86666666666667,2.0,0.0
882,138.68166666666667,100.0,0.0
883,-38.45166666666667,14.0,0.0
884,-59.77,0.0,0.0
885,12.158333333333333,38.0,0.0
886,-41.97666666666667,2.0,0.0
887,-67.38833333333334,0.0,0.0
888,-38.015,12.0,0.0
889,-71.01833333333333,2.0,0.0
890,-51.99,2.0,0.0
891,124.22666666666667,100.0,0.0
892,-2.2616666666666663,34.0,0.0
893,-59.501666666666665,0.0,0.0
894,-58.90833333333333,0.0,0.0
895,14.408333333333333,46.0,0.0
896,-24.356666666666666,14.0,0.0
897,-88.81166666666667,2.0,0.0
898,-68.425,0.0,0.0
899,56.31333333333333,78.0,0.0
900,53.42333333333334,60.0,0.0
901,-75.07833333333333,0.0,0.0
902,68.49,74.0,0.0
903,-63.803333333333335,0.0,0.0
904,-66.72166666666666,2.0,0.0
905,27.878333333333334,48.0,0.0
906,-56.30166666666667,2.0,0.0
907,-68.48,0.0,0.0
908,-27.031666666666666,6.0,0.0
909,-33.52166666666667,6.0,0.0
910,-62.33833333333334,0.0,0.0
911,-74.77166666666666,0.0,0.0
912,-32.48833333333334,6.0,0.0
913,-14.646666666666667,20.0,0.0
914,-84.44833333333334,0.0,0.0
915,-62.538333333333334,0.0,0.0
916,-60.98833333333334,0.0,0.0
917,-72.15833333333333,2.0,0.0
918,-73.42333333333333,4.0,0.0
919,-1.38,34.0,0.0
920,-36.71,12.0,0.0
921,2.4633333333333334,30.0,0.0
922,6.4366666666666665,40.0,0.0
923,-60.66833333333333,0.0,0.0
924,-69.27833333333334,0.0,0.0
925,-73.19166666666666,0.0,0.0
926,-29.061666666666667,14.0,0.0
927,-10.026666666666667,18.0,0.0
928,-19.261666666666667,18.0,0.0
929,-75.74166666666666,0.0,0.0
930,-74.81666666666666,0.0,0.0
931,12.988333333333332,38.0,0.0
932,-28.793333333333333,14.0,0.0
933,1.5200000000000002,28.0,0.0
934,-70.55166666666666,0.0,0.0
935,-71.21,0.0,0.0
936,-49.04,2.0,0.0
937,-10.160000000000002,28.0,0.0
938,10.138333333333334,46.0,0.0
939,-75.03833333333334,0.0,0.0
940,-99.18833333333333,0.0,0.0
941,-41.904999999999994,10.0,0.0
942,-21.040000000000003,18.0,0.0
943,-18.396666666666665,24.0,0.0
944,42.245,60.0,0.0
945,-30.67833333333333,6.0,0.0
946,-66.02666666666666,0.0,0.0
947,-92.54666666666667,0.0,0.0
948,-28.87833333333333,20.0,0.0
949,-77.69833333333334,0.0,0.0
950,97.255,82.0,0.0
951,-69.06333333333333,0.0,0.0
952,-30.439999999999998,14.0,0.0
953,-52.955000000000005,4.0,0.0
954,-18.898333333333333,16.0,0.0
955,-65.43833333333333,4.0,0.0
956,-99.27333333333333,0.0,0.0
957,-57.51666666666666,4.0,0.0
958,-42.73833333333334,12.0,0.0
959,-65.045,2.0,0.0
960,-65.735,4.0,0.0
961,40.315,68.0,0.0
962,-80.48,2.0,0.0
963,-0.6066666666666668,38.0,0.0
964,-62.85166666666667,2.0,0.0
965,-84.35833333333333,0.0,0.0
966,17.334999999999997,40.0,0.0
967,1.8483333333333336,30.0,0.0
968,-39.12833333333334,8.0,0.0
969,-67.85833333333333,2.0,0.0
970,-75.83,0.0,0.0
971,133.36166666666668,100.0,0.0
972,-100.08833333333332,0.0,0.0
973,20.206666666666667,50.0,0.0
974,-57.461666666666666,0.0,0.0
975,34.72833333333333,50.0,0.0
976,-23.261666666666667,12.0,0.0
977,44.531666666666666,78.0,0.0
978,-61.77666666666667,16.0,0.0
979,-51.556666666666665,10.0,0.0
980,-74.53166666666667,0.0,0.0
981,97.87833333333333,82.0,0.0
982,-77.62,0.0,0.0
983,-32.70666666666667,8.0,0.0
984,-17.791666666666668,12.0,0.0
985,73.01166666666667,68.0,0.0
986,-74.02166666666666,4.0,0.0
987,-84.925,0.0,0.0
988,-51.31333333333333,4.0,0.0
989,-71.82166666666667,0.0,0.0
990,-67.06166666666667,0.0,0.0
991,-94.67333333333333,0.0,0.0
992,-4.165,40.0,0.0
993,-94.23166666666667,0.0,0.0
994,-24.7,8.0,0.0
995,19.301666666666666,38.0,0.0
996,3.5733333333333337,42.0,0.0
997,-75.62,2.0,0.0
998,-68.50333333333333,0.0,0.0
999,135.555,100.0,0.0
1000,-71.55166666666666,0.0,0.0
1001,22.241666666666664,46.0,0.0
1002,-4.296666666666666,40.0,0.0
1003,-69.86833333333333,0.0,0.0
1004,-53.696666666666665,4.0,0.0
1005,-16.03833333333333,24.0,0.0
1006,-73.22166666666666,0.0,0.0
1007,-1.6033333333333335,30.0,0.0
1008,-67.47666666666667,0.0,0.0
1009,-57.86333333333334,0.0,0.0
1010,139.52833333333334,100.0,0.0
1011,-90.075,2.0,0.0
1012,-44.97,6.0,0.0
1013,22.55666666666667,44.0,0.0
1014,-39.64166666666667,4.0,0.0
1015,-78.8,0.0,0.0
1016,133.28,100.0,0.0
1017,-24.018333333333334,14.0,0.0
1018,-81.91333333333334,4.0,0.0
1019,13.506666666666668,38.0,0.0
1020,-68.61333333333333,2.0,0.0
1021,-76.06166666666667,6.0,0.0
1022,-37.17166666666667,10.0,0.0
1023,-61.876666666666665,4.0,0.0
1024,-60.778333333333336,4.0,0.0
1025,-66.75333333333333,0.0,0.0
1026,10.065,38.0,0.0
1027,-22.823333333333334,18.0,0.0
1028,-53.06833333333333,0.0,0.0
1029,-73.06833333333333,0.0,0.0
1030,-46.19833333333333,2.0,0.0
1031,-72.53333333333333,0.0,0.0
1032,-67.18666666666667,2.0,0.0
1033,-83.81833333333333,0.0,0.0
1034,-91.23166666666667,0.0,0.0
1035,-18.153333333333332,20.0,0.0
1036,-77.925,0.0,0.0
1037,-45.43333333333334,0.0,0.0
1038,-61.72,0.0,0.0
1039,119.50999999999999,92.0,0.0
1040,3.931666666666667,30.0,0.0
1041,-54.61833333333333,2.0,0.0
1042,-62.89166666666667,4.0,0.0
1043,133.86166666666668,100.0,0.0
1044,25.560000000000002,46.0,0.0
1045,5.62,40.0,0.0
1046,-74.83,0.0,0.0
1047,-57.803333333333335,0.0,0.0
1048,26.793333333333333,44.0,0.0
1049,-14.768333333333333,14.0,0.0
1050,-97.69833333333334,0.0,0.0
1051,-82.89166666666667,0.0,0.0
1052,-71.85333333333334,0.0,0.0
1053,24.776666666666667,46.0,0.0
1054,-18.798333333333336,12.0,0.0
1055,-52.51500000000001,2.0,0.0
1056,-23.42,18.0,0.0
1057,-24.23166666666667,16.0,0.0
1058,-37.278333333333336,6.0,0.0
1059,-47.25,4.0,0.0
1060,-30.21166666666667,12.0,0.0
1061,-68.46166666666666,8.0,0.0
1062,24.57166666666667,52.0,0.0
1063,82.2,92.0,0.0
1064,12.626666666666667,34.0,0.0
1065,-52.64666666666667,2.0,0.0
1066,-78.77166666666666,0.0,0.0
1067,-93.19666666666667,0.0,0.0
1068,-60.72666666666667,2.0,0.0
1069,133.065,100.0,0.0
1070,16.53,42.0,0.0
1071,-26.12166666666667,12.0,0.0
1072,-65.31333333333333,2.0,0.0
1073,123.83999999999999,94.0,0.0
1074,-40.53333333333333,6.0,0.0
1075,-55.87833333333333,2.0,0.0
1076,21.48,40.0,0.0
1077,137.41166666666666,100.0,0.0
1078,16.84166666666667,40.0,0.0
1079,-54.39833333333333,0.0,0.0
1080,132.28833333333333,100.0,0.0
1081,-77.17833333333333,0.0,0.0
1082,-96.64666666666666,0.0,0.0
1083,-56.01,10.0,0.0
1084,2.068333333333334,42.0,0.0
1085,3.0366666666666666,30.0,0.0
1086,-72.955,2.0,0.0
1087,-18.883333333333333,20.0,0.0
1088,-101.00999999999999,0.0,0.0
1089,-67.30833333333334,0.0,0.0
1090,-62.693333333333335,0.0,0.0
1091,141.81666666666666,100.0,0.0
1092,-72.86,2.0,0.0
1093,27.75,50.0,0.0
1094,-32.81333333333333,10.0,0.0
1095,129.78833333333333,98.0,0.0
1096,-41.37,6.0,0.0
1097,9.625,36.0,0.0
1098,-64.27833333333334,0.0,0.0
1099,-85.935,0.0,0.0
1100,-5.065,38.0,0.0
1101,-70.81333333333333,0.0,0.0
1102,-73.61,0.0,0.0
1103,136.41,100.0,0.0
1104,-28.36,8.0,0.0
1105,-5.170000000000001,24.0,0.0
1106,17.69666666666667,34.0,0.0
1107,31.42833333333333,66.0,0.0
1108,43.14166666666667,60.0,0.0
1109,59.31666666666666,64.0,0.0
1110,12.903333333333334,48.0,0.0
1111,-36.52,8.0,0.0
1112,-27.501666666666665,8.0,0.0
1113,-8.953333333333333,30.0,0.0
1114,-54.24666666666667,6.0,0.0
1115,13.65,44.0,0.0
1116,-51.300000000000004,0.0,0.0
1117,-5.086666666666666,30.0,0.0
1118,-33.31333333333333,6.0,0.0
1119,-73.35000000000001,2.0,0.0
1120,-48.50666666666667,4.0,0.0
1121,-51.065,2.0,0.0
1122,-57.596666666666664,8.0,0.0
1123,-28.52,6.0,0.0
1124,-22.653333333333336,18.0,0.0
1125,-24.07166666666667,14.0,0.0
1126,-74.79,0.0,0.0
1127,11.795,42.0,0.0
1128,-24.508333333333336,12.0,0.0
1129,-67.06166666666667,0.0,0.0
1130,-54.598333333333336,2.0,0.0
1131,12.678333333333333,36.0,0.0
1132,-13.851666666666667,18.0,0.0
1133,-3.7900000000000005,40.0,0.0
1134,-21.988333333333333,20.0,0.0
1135,-67.07333333333334,0.0,0.0
1136,-54.38,2.0,0.0
1137,-64.27666666666666,0.0,0.0
1138,-12.463333333333333,30.0,0.0
1139,-70.27166666666666,0.0,0.0
1140,9.701666666666666,40.0,0.0
1141,-27.998333333333335,16.0,0.0
1142,-12.708333333333334,24.0,0.0
1143,11.275,42.0,0.0
1144,-51.17333333333334,0.0,0.0
1145,-55.050000000000004,0.0,0.0
1146,-45.5,8.0,0.0
1147,-34.193333333333335,6.0,0.0
1148,-16.286666666666665,18.0,0.0
1149,-8.105,32.0,0.0
1150,120.51833333333333,94.0,0.0
1151,73.98833333333333,72.0,0.0
1152,-82.47500000000001,0.0,0.0
1153,-43.60333333333333,4.0,0.0
1154,-23.708333333333332,14.0,0.0
1155,-48.22,8.0,0.0
1156,81.59333333333333,72.0,0.0
1157,37.983333333333334,50.0,0.0
1158,-81.03,0.0,0.0
1159,-19.42,20.0,0.0
1160,17.216666666666665,42.0,0.0
1161,-57.77,2.0,0.0
1162,-41.45333333333333,6.0,0.0
1163,-101.58666666666666,0.0,0.0
1164,-17.541666666666668,18.0,0.0
1165,-30.71666666666667,6.0,0.0
1166,-13.21,34.0,0.0
1167,-54.43166666666667,0.0,0.0
1168,-0.5783333333333335,44.0,0.0
1169,-22.906666666666666,10.0,0.0
1170,149.11166666666665,100.0,0.0
1171,-16.37666666666667,20.0,0.0
1172,-70.61333333333333,2.0,0.0
1173,126.12,98.0,0.0
1174,-57.97833333333333,0.0,0.0
1175,-61.223333333333336,0.0,0.0
1176,-67.24666666666667,0.0,0.0
1177,-47.63999999999999,0.0,0.0
1178,11.856666666666667,56.0,0.0
1179,134.18833333333333,100.0,0.0
1180,-39.30166666666667,8.0,0.0
1181,8.83,34.0,0.0
1182,-28.595,14.0,0.0
1183,-58.330000000000005,0.0,0.0
1184,-72.44500000000001,0.0,0.0
1185,135.58666666666667,100.0,0.0
1186,29.44,68.0,0.0
1187,-64.77166666666666,0.0,0.0
1188,-81.35833333333333,0.0,0.0
1189,26.42833333333333,52.0,0.0
1190,-16.641666666666666,32.0,0.0
1191,67.29833333333333,70.0,0.0
1192,-19.238333333333333,18.0,0.0
1193,-59.01500000000001,8.0,0.0
1194,-63.66,2.0,0.0
1195,-71.98833333333333,0.0,0.0
1196,-64.73166666666667,0.0,0.0
1197,-69.09,0.0,0.0
1198,-56.58666666666667,2.0,0.0
1199,-60.51333333333333,2.0,0.0
1200,-34.218333333333334,10.0,0.0
1201,-26.448333333333334,12.0,0.0
1202,3.841666666666667,32.0,0.0
1203,-42.20166666666667,10.0,0.0
1204,-19.30666666666667,18.0,0.0
1205,-70.59166666666667,0.0,0.0
1206,7.384999999999999,36.0,0.0
1207,-56.02666666666667,0.0,0.0
1208,-52.26,6.0,0.0
1209,-76.93666666666667,0.0,0.0
1210,22.098333333333333,56.0,0.0
1211,19.761666666666667,54.0,0.0
1212,-59.13166666666667,6.0,0.0
1213,27.491666666666664,50.0,0.0
1214,-83.34,0.0,0.0
1215,-35.848333333333336,6.0,0.0
1216,-72.02666666666666,0.0,0.0
1217,-87.755,0.0,0.0
1218,-9.161666666666667,24.0,0.0
1219,28.168333333333333,48.0,0.0
1220,77.30499999999999,72.0,0.0
1221,-20.54,20.0,0.0
1222,-69.22,4.0,0.0
1223,-55.446666666666665,2.0,0.0
1224,-68.87166666666667,0.0,0.0
1225,-43.31833333333333,10.0,0.0
1226,-20.37666666666667,24.0,0.0
1227,-19.09,24.0,0.0
1228,-52.748333333333335,4.0,0.0
1229,-59.538333333333334,4.0,0.0
1230,-60.46666666666667,4.0,0.0
1231,-55.60166666666667,2.0,0.0
1232,-78.13166666666667,0.0,0.0
1233,-21.185,18.0,0.0
1234,-90.83999999999999,0.0,0.0
1235,-36.906666666666666,14.0,0.0
1236,13.321666666666667,54.0,0.0
1237,-49.708333333333336,6.0,0.0
1238,-8.76,26.0,0.0
1239,-68.885,2.0,0.0
1240,-33.535000000000004,6.0,0.0
1241,-27.948333333333334,8.0,0.0
1242,-83.59333333333333,2.0,0.0
1243,133.25833333333333,100.0,0.0
1244,-40.66166666666667,8.0,0.0
1245,-74.185,0.0,0.0
1246,-60.333333333333336,0.0,0.0
1247,-56.725,0.0,0.0
1248,-43.20333333333334,8.0,0.0
1249,-2.858333333333333,30.0,0.0
1250,138.81,100.0,0.0
1251,-65.80499999999999,2.0,0.0
1252,111.49833333333333,94.0,0.0
1253,-67.46499999999999,2.0,0.0
1254,2.33,32.0,0.0
1255,-66.69666666666667,2.0,0.0
1256,-40.86,10.0,0.0
1257,33.03,50.0,0.0
1258,11.88,38.0,0.0
1259,-88.26833333333333,0.0,0.0
1260,11.476666666666667,42.0,0.0
1261,-43.05666666666667,6.0,0.0
1262,-65.13666666666667,0.0,0.0
1263,-35.57333333333333,10.0,0.0
1264,19.21,42.0,0.0
1265,-54.01,4.0,0.0
1266,-82.30166666666666,0.0,0.0
1267,-18.315,22.0,0.0
1268,1.2566666666666668,34.0,0.0
1269,-54.30833333333334,4.0,0.0
1270,-69.47,0.0,0.0
1271,97.28500000000001,80.0,0.0
1272,-60.56166666666667,0.0,0.0
1273,-52.64166666666667,6.0,0.0
1274,-67.64333333333333,0.0,0.0
1275,-79.26166666666667,0.0,0.0
1276,-60.85333333333333,2.0,0.0
1277,-30.573333333333334,14.0,0.0
1278,-27.933333333333334,8.0,0.0
1279,-71.46,2.0,0.0
1280,-13.101666666666667,16.0,0.0
1281,-38.75333333333334,2.0,0.0
1282,-38.156666666666666,22.0,0.0
1283,65.01333333333334,64.0,0.0
1284,48.044999999999995,56.0,0.0
1285,32.83833333333333,50.0,0.0
1286,-23.583333333333332,16.0,0.0
1287,-26.421666666666667,8.0,0.0
1288,-77.03666666666668,0.0,0.0
1289,-32.15833333333333,8.0,0.0
1290,-77.16000000000001,0.0,0.0
1291,-43.025,4.0,0.0
1292,-71.46333333333332,0.0,0.0
1293,-56.54,4.0,0.0
1294,-58.29333333333333,2.0,0.0
1295,-68.42666666666666,0.0,0.0
1296,134.86666666666667,100.0,0.0
1297,-46.61833333333333,2.0,0.0
1298,12.32,42.0,0.0
1299,129.70666666666668,96.0,0.0
1300,-64.52166666666666,0.0,0.0
1301,-49.10833333333333,4.0,0.0
1302,112.77166666666666,92.0,0.0
1303,2.7449999999999997,34.0,0.0
1304,-31.588333333333335,6.0,0.0
1305,-76.80499999999999,0.0,0.0
1306,-78.35666666666667,0.0,0.0
1307,-72.74666666666667,0.0,0.0
1308,-54.66833333333333,8.0,0.0
1309,-19.88,18.0,0.0
1310,10.236666666666666,48.0,0.0
1311,-36.660000000000004,4.0,0.0
1312,-19.708333333333332,22.0,0.0
1313,-65.56,0.0,0.0
1314,-31.126666666666665,12.0,0.0
1315,139.54666666666665,100.0,0.0
1316,101.45166666666667,82.0,0.0
1317,-29.834999999999997,2.0,0.0
1318,-72.03666666666668,0.0,0.0
1319,-53.29,0.0,0.0
1320,-58.85166666666667,0.0,0.0
1321,69.83166666666666,86.0,0.0
1322,19.973333333333333,48.0,0.0
1323,-12.26,26.0,0.0
1324,-56.98333333333333,2.0,0.0
1325,-74.96,2.0,0.0
1326,-37.13166666666667,8.0,0.0
1327,40.126666666666665,54.0,0.0
1328,135.25833333333333,100.0,0.0
1329,-66.78166666666667,4.0,0.0
1330,137.11166666666668,100.0,0.0
1331,-76.62333333333333,0.0,0.0
1332,-31.451666666666668,14.0,0.0
1333,53.129999999999995,58.0,0.0
1334,-71.47333333333334,0.0,0.0
1335,-27.290000000000003,14.0,0.0
1336,-9.663333333333334,30.0,0.0
1337,-74.46166666666666,2.0,0.0
1338,-62.38166666666667,0.0,0.0
1339,-66.455,2.0,0.0
1340,123.51333333333334,96.0,0.0
1341,140.12,100.0,0.0
1342,-33.19833333333333,8.0,0.0
1343,-57.55833333333334,0.0,0.0
1344,-85.95,0.0,0.0
1345,-40.20333333333333,4.0,0.0
1346,23.34166666666667,72.0,0.0
1347,-55.27166666666667,4.0,0.0
1348,15.068333333333333,44.0,0.0
1349,-60.718333333333334,0.0,0.0
1350,-74.76833333333333,0.0,0.0
1351,-34.82666666666667,8.0,0.0
1352,6.798333333333333,38.0,0.0
1353,-65.91333333333334,2.0,0.0
1354,10.838333333333333,42.0,0.0
1355,-59.92666666666667,0.0,0.0
1356,-98.39333333333333,2.0,0.0
1357,20.19333333333333,44.0,0.0
1358,2.9583333333333335,32.0,0.0
1359,-76.34166666666667,4.0,0.0
1360,-46.971666666666664,4.0,0.0
1361,-10.953333333333333,32.0,0.0
1362,25.833333333333332,56.0,0.0
1363,-20.80666666666667,16.0,0.0
1364,19.691666666666666,42.0,0.0
1365,-64.16,0.0,0.0
1366,-33.22833333333333,8.0,0.0
1367,-78.12666666666667,0.0,0.0
1368,-98.50166666666667,0.0,0.0
1369,-93.91166666666668,0.0,0.0
1370,-66.89666666666666,0.0,0.0
1371,-23.52,20.0,0.0
1372,-53.345,2.0,0.0
1373,-62.35833333333333,0.0,0.0
1374,2.7300000000000004,58.0,0.0
1375,-71.07,0.0,0.0
1376,-76.61333333333333,0.0,0.0
1377,-21.546666666666667,18.0,0.0
1378,-54.65,2.0,0.0
1379,-58.435,6.0,0.0
1380,-32.861666666666665,24.0,0.0
1381,-76.81166666666667,0.0,0.0
1382,-66.20833333333333,0.0,0.0
1383,-73.92,0.0,0.0
1384,118.13333333333333,96.0,0.0
1385,-62.66,2.0,0.0
1386,-4.6883333333333335,32.0,0.0
1387,-75.74333333333333,0.0,0.0
1388,-77.80666666666667,0.0,0.0
1389,-99.21,0.0,0.0
1390,-74.62166666666667,2.0,0.0
1391,-101.21,0.0,0.0
1392,-1.795,42.0,0.0
1393,24.248333333333335,50.0,0.0
1394,-36.848333333333336,8.0,0.0
1395,11.533333333333333,36.0,0.0
1396,-11.971666666666666,28.0,0.0
1397,-69.63166666666666,0.0,0.0
1398,18.62,42.0,0.0
1399,-89.13333333333333,0.0,0.0
1400,-52.02,4.0,0.0
1401,130.11833333333334,98.0,0.0
1402,-40.76833333333334,4.0,0.0
1403,-54.14833333333333,4.0,0.0
1404,1.1216666666666664,28.0,0.0
1405,-62.10333333333333,0.0,0.0
1406,-67.105,0.0,0.0
1407,20.651666666666667,46.0,0.0
1408,21.058333333333334,44.0,0.0
1409,-61.06166666666667,0.0,0.0
1410,139.81333333333333,100.0,0.0
1411,-86.04666666666667,4.0,0.0
1412,-40.196666666666665,2.0,0.0
1413,-71.35666666666667,0.0,0.0
1414,-53.370000000000005,0.0,0.0
1415,-73.70166666666667,4.0,0.0
1416,-96.94166666666666,0.0,0.0
1417,11.58,48.0,0.0
1418,-70.86666666666667,0.0,0.0
1419,29.438333333333333,50.0,0.0
1420,-67.88833333333334,0.0,0.0
1421,-46.57833333333334,4.0,0.0
1422,-82.08166666666666,6.0,0.0
1423,27.521666666666665,44.0,0.0
1424,-54.28666666666667,6.0,0.0
1425,-43.288333333333334,6.0,0.0
1426,-71.24,2.0,0.0
1427,-37.501666666666665,4.0,0.0
1428,-35.74666666666666,12.0,0.0
1429,-91.94,0.0,0.0
1430,28.081666666666663,54.0,0.0
1431,131.10999999999999,100.0,0.0
1432,-53.21333333333333,4.0,0.0
1433,-25.801666666666666,18.0,0.0
1434,26.543333333333333,56.0,0.0
1435,-64.99833333333333,2.0,0.0
1436,8.333333333333334,34.0,0.0
1437,-50.245000000000005,6.0,0.0
1438,-30.03,8.0,0.0
1439,-77.37166666666667,2.0,0.0
1440,-58.94833333333333,0.0,0.0
1441,25.371666666666666,54.0,0.0
1442,-26.439999999999998,16.0,0.0
1443,57.66,68.0,0.0
1444,5.263333333333333,36.0,0.0
1445,-74.15333333333334,0.0,0.0
1446,-61.818333333333335,0.0,0.0
1447,19.483333333333334,50.0,0.0
1448,-68.72833333333334,4.0,0.0
1449,-90.33833333333332,4.0,0.0
1450,-12.343333333333334,18.0,0.0
1451,138.77,100.0,0.0
1452,-19.511666666666667,20.0,0.0
1453,-67.20833333333333,2.0,0.0
1454,-69.53,0.0,0.0
1455,-58.473333333333336,2.0,0.0
1456,-69.96833333333333,2.0,0.0
1457,21.628333333333334,54.0,0.0
1458,-73.08333333333333,0.0,0.0
1459,-87.90833333333335,0.0,0.0
1460,-67.05166666666666,4.0,0.0
1461,73.61833333333334,80.0,0.0
1462,-45.68,8.0,0.0
1463,-76.28333333333333,0.0,0.0
1464,-55.79666666666666,4.0,0.0
1465,-94.40666666666665,0.0,0.0
1466,131.65833333333333,100.0,0.0
1467,-94.77,2.0,0.0
1468,-1.7466666666666668,34.0,0.0
1469,-54.455000000000005,10.0,0.0
1470,-58.27,0.0,0.0
1471,-44.39166666666667,0.0,0.0
1472,62.43666666666667,74.0,0.0
1473,7.201666666666665,40.0,0.0
1474,-97.14,0.0,0.0
1475,-68.21833333333333,2.0,0.0
1476,-66.68166666666667,0.0,0.0
1477,-76.54833333333333,2.0,0.0
1478,-72.765,0.0,0.0
1479,-26.416666666666668,12.0,0.0
1480,-85.505,0.0,0.0
1481,-20.24,30.0,0.0
1482,-74.855,2.0,0.0
1483,-70.92,0.0,0.0
1484,-31.385,10.0,0.0
1485,-51.01166666666666,2.0,0.0
1486,48.02666666666667,56.0,0.0
1487,-29.823333333333334,8.0,0.0
1488,-70.48166666666667,0.0,0.0
1489,-99.65166666666666,0.0,0.0
1490,-55.29333333333333,4.0,0.0
1491,-61.40166666666667,2.0,0.0
1492,9.043333333333331,36.0,0.0
1493,-66.58999999999999,0.0,0.0
1494,-66.085,2.0,0.0
1495,-57.28,0.0,0.0
1496,-93.52499999999999,0.0,0.0
1497,0.6250000000000001,38.0,0.0
1498,22.636666666666667,54.0,0.0
1499,-62.24666666666667,0.0,0.0
